"2010-09-06","17886a10eecccada75e736cb2ffb30b8b8a58b55"
"2010-10-11","e0b33872e0c444d02cdb8838a13b2dfc6c00864b"
"2010-10-13","fc89b1ad834fcbc872b371e61e3335c1ceb028e6"
"2010-10-25","84665377d800695590be837655b6c8c9c94cf7f1"
"2010-10-28","11da2563aaf50c42c2f175012ce86291a2b818dd"
"2010-11-04","44e798e2834d2c2d42b8310f1838169b6310411f"
"2010-11-08","e14a77a40ec26bc08788eb414b2ea36a25443a05"
"2010-11-23","1eab56aadbb5b8336553d4d0b41f2f33564782c2"
"2010-12-05","ab26b8b06e5ded58306496e44d315622246f1ae7"
"2010-12-06","e32d8b2a08d0905e36c44d9070d959eaeccf7ac5"
"2010-12-07","01804848aa54e91250d5f11947f27a5b6d17767a"
"2010-12-12","cd2285b4f34ba73bfd20fcb82bfc557bf58e6aa1"
"2011-01-20","fe0d2bbf14e2c07fd0c4b5c506dfb997a0d917e8"
"2011-02-21","845efaa1e0cbd0a549ac50732e1fc197c1e07b93"
"2011-03-31","320d18e7dfe4ee17c1740d8f9b58e078fd1470c2"
"2011-04-05","b535f0999610c23552fbe8b26ebd1fbb0c7bd54d"
"2011-04-26","a67ba2b2366bdd6ad9047b53a1c7d26daebd9dd7"
"2011-04-27","9e61b687309c02b48c1171765c89ccb0d016427d"
"2011-05-04","84b9b60583168eb16c855d5030ee7d0ac92d6c68"
"2011-05-05","ef8a2442cb1a2dce9b37b2be7bf0f08144ae01b6"
"2011-05-06","289f3bc719dd676c066e8c426439a8948b7e4bb0"
"2011-06-05","3d90eb78f9225d9fee67c94618898bcee8ba1c78"
"2011-06-06","87fda2759a4c2396a07480f5a0ca0f9b8090a204"
"2011-08-25","44654cc452d1d38e581a20358ab2f9bbf8aabbbe"
"2011-08-26","826721c68436e8a7ada16b1d1b15094677f830bc"
"2011-09-01","ffab8145393225741167a003577696549573e857"
"2011-09-02","8143ef640adafc6dcb5e2d1f7380d7f2d3a4d24c"
"2011-09-12","66efefbab9789599fc9f421d9ed3e1b83f3db605"
"2011-11-09","62d56c265db76bccb99687fa5977e6e7a444e56c"
"2011-11-22","08396f35e1b6622a453996f4c1d88576156e5b03"
"2011-11-28","a1cee2eb489f4a3369ff24e94d39dabf939aa12e"
"2011-11-29","4f318d2d5b0fbc3c2a11f05be46427a495cfcf9d"
"2011-12-13","9fcb0d28a8d18f212532f1101023deedd4bf89cc"
"2011-12-15","8fbbb78962d0de0bdbdb5f7b75cbf94641d667c0"
"2011-12-16","bfc1fae0bcd0a7162d1bd3befb77e87c526b18a7"
"2012-01-11","e1dbe6c5cdadba61c48a48dfb98b096a4edbf570"
"2012-01-13","bb6d3c686017f353f4c4707b777b2a232beb3b46"
"2012-02-03","eebc18ca14f376fad20039fd8b3234ade825f7d2"
"2012-02-08","f78f2fdba3cd26d49cabfc9def7997eceb03e280"
"2012-02-09","f8c1cbd33a4ff48a557d00a6ffc90be47899800f"
"2012-02-17","bccb05d6217d149bb1c79f6957ddd08d88eadb61"
"2012-03-26","b0241b3d3636ca695e86fcb3d0189e157ec20ee6"
"2012-04-09","d8fab22ab289f24caf73e2af9d486b92afdad490"
"2012-04-10","30fabb8e9a87b644d0b78d0962efe6aef027f04b"
"2012-04-11","6ffeccffa7282265aea9f8c04fe777e3a06fc1ae"
"2012-04-12","23eec0b89eb74bff83b55956a585f95bc42469f4"
"2012-05-01","06a3dfcfb274b102059c4d9bde94dfc629242418"
"2012-05-17","44e7c9c686e7744ca9aef50bc6cb2e50b8346ed5"
"2012-05-18","5bbf120bece195ba258e1f070651e65c3cc58138"
"2012-05-22","4575f6350432964d510a1accc7f33e4fc7368aa5"
"2012-05-23","a673f0767ef9a3312f63a3cc42e10f2e2acfc8c8"
"2012-05-31","c4724b83680cfee16471ee980a549bda885f31a6"
"2012-06-04","dd0d2c8ba05c0a5fef1905438f8718d73d977557"
"2012-06-13","539a96a1a53936dee58e857ee9ca6f9e41185722"
"2012-06-17","b6748ac88759a4768c1003930bb5c921ac49d8d1"
"2012-06-20","2e0be861efaa55e208f1e8ce247beaca5c7beebc"
"2012-06-21","9f6130d80b4925133bf1d251231162bdf9199377"
"2012-06-22","e0c5db973adc20fb994eafdc33a8d26954824d29"
"2012-06-28","f4765d0259bdf4c89e7e505bbb154ddb8808bab4"
"2012-07-17","14b98e56f30cbb80d410fdc8e167a220e7e59e6e"
"2012-07-18","961e513fad0bceedfe68498577d0d629695dd773"
"2012-08-08","69243b674adaf6c591933aeb5f6adf65a32a5712"
"2012-08-13","db6ea85917f1dd7973ab6c30cc161171e1b2fbb5"
"2012-08-14","fa4c91a0585b5dae8bb899437b0effc9ba9df477"
"2012-08-15","9ada4bfd0ecfec393b5684fbe45b74383f1072bf"
"2012-08-16","81608b05300f408b82f478d5a3960c9986cee0da"
"2012-08-21","f8c03d6bdc6fc980fbb84d4ef99bbd9cf416adf8"
"2012-08-30","3ad087526288ed6e0bd3d0ed32ddd71211a4cdfa"
"2012-08-31","b9afc0d1c4f6494ee29bafe3ccf309b627bea8de"
"2012-09-05","208a0603bea6875132ccf835ec2270c5cc2254ff"
"2012-09-16","f4872e8a7e74d00afded5cbd4e9780df71151180"
"2012-09-17","5a856aa28c821ae6d2816072dd8a93c770a6908c"
"2012-09-25","59a7f867b99772c7989e1a9991577b9880aeb687"
"2012-10-03","4d8fab2840e6978f2c8fe58d0e15ea90baa18ddf"
"2012-10-05","e1e170f4216576d0f5ef714d099be60c0d3bb4a5"
"2012-10-09","45d024065cd3fa37cb49dc56c49016c0f2a9ffc4"
"2012-10-10","83529d27e44458b65905dc30394057942fb55e72"
"2012-10-13","4b39bc02ecdeca41731c62b5f59bbb3d2a12bab8"
"2012-10-16","e997c7218efa52faf9b91022a8f9ad46091aa05c"
"2012-10-23","b7a564fa6e0160280d679d7f0392d218be2f297a"
"2012-10-24","db0cd2c373d9c809401b1d1ab93ca743b9e50d3e"
"2012-10-25","88f57770ed80171f3c099035982b2063c7aeda38"
"2012-10-26","749920a59681e85de9428a1db95a066a58fe4c20"
"2012-10-27","3f1c5ab43ac339b81c0b9549e2043490d65bdd3e"
"2012-10-28","57f387c4ff725cb9972ce2cad13b2cb79528f3ef"
"2012-10-29","bfeaea10ad2965d9cc338d17509f9eaa5d34154b"
"2012-10-30","a94568363788cc90e1699957dbbc73d869760642"
"2012-10-31","99f8b5aadf0b170b6817c71e6b05907c12787d75"
"2012-11-01","5915bb19c44118adaa6f3ea79af7455073a9f15f"
"2012-11-03","602e84d36f58955dbc1849adadfb9ccbd22167f8"
"2012-11-26","778c14a70a9dac183e6bb84a0f4a87b863bbc416"
"2012-11-27","fb7402f0cf2f379b44b025170e0d72e97b07f481"
"2012-11-28","d74b32d276f925726795170dc75ba0c23123807e"
"2012-11-30","f2dca22649b1b7035feb733762cbfc7ed9e0867d"
"2012-12-05","bc304b3093193e79c9c2094b2caecde852888f1e"
"2012-12-10","48de58dff4655c62f6d4f3988c97ce7f6a1c9b99"
"2012-12-17","2d4a78f5586e0a1f3559e262a83bd9171f28f4f8"
"2012-12-18","6800bb199a4f23b76c43c543e5bfe83383e8c8e0"
"2012-12-19","5fecbc6381f538658a63e9675449467f27170ea2"
"2012-12-20","f54d6ad8be61ffe53b578b54c52bf09aa86ad158"
"2013-01-27","2b687d1aab7283730b2a650e89908e23dd8b881b"
"2013-01-28","3418a2becfe4f35b76a1a4f175439a916be54148"
"2013-02-11","3b7fa254ad8db00a1a2a59d06e18921a0cc9be6c"
"2013-02-13","67c2ce13dfa2e3a32493b041b7dc93f1fe2e4be3"
"2013-02-14","4c894bd6d01c7e8d2cc5a05c4a087bea3e9d2751"
"2013-02-17","48c8a6aec0828ec8df4744ef9e2189b7390ae5b8"
"2013-02-18","fe43ab0b5c3541fb33b8fddc6a1db60260ff52b3"
"2013-02-19","866a602630770e212ef42e0dc6f19867c853330d"
"2013-02-21","610a95c7dd0acc1855260da6bcf7ad6c86acba56"
"2013-02-22","a7755edc83d3907204093840a7c15d954120c926"
"2013-02-24","d0b3d5bb8b377a6bf682b28e23622db3da7e4785"
"2013-02-27","79dc1769e77c5b1f582dfbd7314a23e7ff01585b"
"2013-03-01","e5fd2921f43354410f5cf56713810bafae6a274e"
"2013-03-07","fe698d2871c3959164cf757c1e05b44d75e126c6"
"2013-03-09","d402f551ecaef2a59270559321f5a2ae03323ae6"
"2013-03-10","168279ff298faacc2f60d08d48bb622d2982da35"
"2013-03-12","861997c4b0336d96f536cd4c4733506eb9693878"
"2013-03-14","1690a0f3b00e37fb79f34d787b1ff173c4bb515d"
"2013-03-15","2bce34fe216cf06ce0b9c0095ff9b5103c3bd11a"
"2013-03-19","b0f6de6567b19ea966f8b3e1302335fb887dfa97"
"2013-03-25","6efe1faf6fa80029df16613571c62e4512e0fbed"
"2013-03-26","f3cc062b5e35ff7680a3e8214e7a9c238e2a1d62"
"2013-03-27","6fffb109d3b23cbc9964a33ad630f1f17a569cc3"
"2013-03-29","2fcabb79e66d572725c72950e4a73dab1e328985"
"2013-04-12","737b844b8b1e9e9ff25e1b4dde266435ff1a9821"
"2013-04-15","c349a430561415a5fba5a99ab57e97c510908bb4"
"2013-05-01","76350e1597ad785370f534e7b43d4f212e9919d7"
"2013-05-03","6248abcb99cf059a17bf4d2298faa4658101fe1f"
"2013-05-04","360eedbe369df48285b5dbd8162f81181ced82c3"
"2013-05-06","6824525a728ce9f5054e50b7d599000f5c02ba6a"
"2013-05-08","f844530c11dca51bd8d96afc87b6e94d0a20917a"
"2013-05-09","941ae858bc7bc1d03887df36590bd7c9ec8cb184"
"2013-05-10","2ef7ca064584f60416581b0793557eb4277136a1"
"2013-05-11","8f5138693fb8dba2635995edc236b0b168363f09"
"2013-05-12","ef71254e5f8c3db0aae289a15d47e0a3c457f26f"
"2013-05-13","89a60f7f15a9200e0cf8fe157a61caaeba104f7c"
"2013-05-18","0297f7476a50a694cfdad0fb5a80d67f99abd5d5"
"2013-05-19","931e29caa3478c546632d29baad3cb250e0c7b52"
"2013-05-20","dffda87e73ea2f91b076c001b3550291cce92f56"
"2013-05-22","5da95585b59bd911d1c147cbddd171576ee96f98"
"2013-05-23","67346413fead6306a0f7a7cb82e166c298575723"
"2013-05-26","77cb60aea75ea76df05f1ec9067e7d76a4348c5d"
"2013-05-29","4b36afef0eba46e05401560581d8ad14369d8c19"
"2013-06-02","b1dc27cb52903b298af02324f1df6468dac37945"
"2013-06-03","7ddaabb80d098909e3c809c865f9938d8a6eb18e"
"2013-06-20","c7484864352c6367300a5ae398880450d6b843ff"
"2013-06-24","b65819161a4e102c3c631c6e02f0918f805a52c9"
"2013-06-25","43fd239bf4c4288679fcb5a3ce58cf291713e96a"
"2013-06-26","82d7a917b510cf954783a9a1d385d079ca4fd738"
"2013-07-08","a9dd5b77ea3d414d077372c547cf4753d86a6ac1"
"2013-07-09","97970a19d26fb16582b851d4738c0579c937f46c"
"2013-07-10","16bca3e7afe22e6868315f3a6d083464f5b082bf"
"2013-07-12","99ff6670a16bf24540e715479952da0797279da6"
"2013-07-13","11af54c071784f391774c79bbd8c1338946a0ae1"
"2013-07-14","ebf8c26a7b350dd9eb03b0240f9aaf75e0833d30"
"2013-07-16","ffdba2388ae8b28bb9a34e0d5546296312173c15"
"2013-07-17","46c858869a3c06dcd9a003710fd114c4061c1831"
"2013-07-21","1cbe64801e33d072bd9a677b8d4ebb59abec06d8"
"2013-07-22","b3208cbeccee54549dfb08cba90cb62d24f684d3"
"2013-07-23","50e26c36c18315f2b80c31f58cc644921ccc2d4d"
"2013-07-24","613e85c7a3b7a813abbc645fa5550f5608ca4627"
"2013-08-05","e704b800878b2e37f5ac98b0139cb4994618ace0"
"2013-08-06","c2a85f8eb8f6acf1d3a12dfdf5f3f63709535dfc"
"2013-08-07","c7138b284fa5ebf80f9c6bf6a381023716780473"
"2013-08-08","734f29a1ea5094fe26db4cba2799fe7807b271f2"
"2013-08-09","3c38654d819295c2e8abe99cb895ca24be6c1ccb"
"2013-08-10","12ff56237dcd056aea7f66990bede9e580ece4e2"
"2013-08-13","1d77c0c9ef977085c071d04fe81271f67d082e7f"
"2013-08-17","dea55b54a1ea55d7324cb76a53332f54eae30cbb"
"2013-08-20","27fd2382fe2b08296acfc8614f85b41a806d22a2"
"2013-08-23","d9c8796473f50722c92746be37a90c8504c8fe86"
"2013-08-24","c2e65d243bc87d0908a465f366d5a07386a3eff8"
"2013-08-26","3cd3654c7503010889269973538bee937ec92cae"
"2013-08-27","b50e0a84e67331236c66852b4496820dda0a7852"
"2013-08-30","5e0683454afcafad4e81b45510e1245327c7445f"
"2013-09-02","411b9aefe7e2472eab6587120c4e30ac02059f18"
"2013-09-03","1bb877947bfe135d6e4bce6d28367a7ffb237b5c"
"2013-09-09","2ebf5b597b9d72121d184079c2c0467a7a069d8c"
"2013-09-10","5ff177fca780db0ee08de5212a1f0103ac8aa911"
"2013-09-12","7780666f70e208359818650a38adee03f3982705"
"2013-09-17","e60fd394ef841fecdcbd747d0ac07158931065a0"
"2013-09-18","784a32be3a2a3ddf6f114fd7d8e87c1eb7434a35"
"2013-09-23","2b6c719c6645f8e48dca6d0047c752069d321bc4"
"2013-10-13","d08bfa59f0c28879517f122da4e2eadd0c8f06c8"
"2013-10-14","7fd6ede963868034932993aeb8ae752b35d29b44"
"2013-10-27","c6776aa9d6f1ef7708e285b785921d1d69d7dbe6"
"2013-10-28","96ad8fd0dab75a51b6f11530821cc33d2e6655de"
"2013-10-31","44a9c3aa0ddf9776b4764678c35430d38184b738"
"2013-11-01","b51157e4a98514fbc3ffdd59f458fb855dad1813"
"2013-11-04","93bb08c5c6fa7e44c3525cd0bccd0bd2a436251d"
"2013-11-05","e2b396ff9df176b2e32ecd1674f7d7d32c93c1fe"
"2013-11-06","464011a2c1c095ac00c63960fe13def9839de75d"
"2013-11-07","25c15a7e3fd60f0b581a0ae6b1c2d6beb777b47d"
"2013-11-08","5f9cfe17c9dfb506877154d7900eb164d81774ba"
"2013-11-09","e31c0a06dcb76348caa11751b9e7b10aa4c14418"
"2013-11-10","be39047c20a6b1212824374d3fc4a3a433891c84"
"2013-11-12","adb14fe71c9bc49730b548e3dfc36867cec436bd"
"2013-11-15","5836ee907d40553573bee6f7d463961f51c06bc4"
"2013-11-16","6a09dc4c9bc8f88a25fb34c19c7845e5d129c17d"
"2013-11-25","d557083f4cfd24365d8322c480319793c529e913"
"2013-12-01","19f7b1c49f089ae1be13d1809d7643caee5affe5"
"2013-12-02","94816ad0916b2e4d15bbeaf2d0fb86e8fdcf13e8"
"2013-12-08","7e55f92ae07702946fa1488f45e3dbda38d4af58"
"2013-12-09","11f44c0f7b56cbb44892ab6672c5690a1bcc71b0"
"2013-12-18","497d672e1f3b038d6aa936ddc5498c2679f6ad70"
"2013-12-19","4eb89134c7376ec0e006fe989af16ae11ae7f057"
"2013-12-23","49c9423adea135c22926b3e9f144223e37742015"
"2013-12-25","5ac9264480670ef78c51ae1fd56137061f55e993"
"2014-01-03","ddebcaa0e0203874f2f84d29b97645bbac51ae28"
"2014-01-06","335f026fb933f9823c0c78baac7a53649305b227"
"2014-01-08","79e6269ac994aa52c27f95ab28d310296dad847a"
"2014-01-14","9750f0045670fbd7494de43fdda1139349b84156"
"2014-01-20","ed2e8a5b52e933034b74e5aa66bc42862bfd30de"
"2014-01-21","6ca198487313be7fbccd9480917e290d56df819e"
"2014-01-23","810bb53ee4a10fabd2632568b669a35572575347"
"2014-01-30","a942fcff82cd9b44490446a6fcdf3a00374c1186"
"2014-01-31","6833233dc42c5f1ece33f1fdc51ba88dea9b3874"
"2014-02-01","5bd3c1e3802a6195b092bb69409d6fe5c256924b"
"2014-02-11","2153a79f684f4633702b03ead3549ca7cd5fc54d"
"2014-02-20","449cfaa4b91ed28ce6928a400272d5b4542d13b7"
"2014-02-21","46ed07af04d5553598f3310b174ff00556f772a8"
"2014-03-03","0719a7f266d55a9956704b3e1697f9ede8cf1432"
"2014-03-05","fe00c5004ffff263c5eb6d2009634ae05f2a7414"
"2014-03-14","67839e7ad39d01b7c14233c773d67481a336921b"
"2014-03-19","4275cb6aed9a15595a637cc6e5690145017955a8"
"2014-03-20","dba12d66041fcec93467a17704b5757cd29d7933"
"2014-03-24","00f4c420166eb070a035cdd641b7afa101f65602"
"2014-03-25","1f7cc4942f71d6c6cf4770fcd93670bc93a8c710"
"2014-04-22","196c7d37295bcc51f29dd66dedc35d98eb02a246"
"2014-05-01","30039820e0cc76a8bebf34de65f13d8f055fdc54"
"2014-05-07","b73a44d881026380ae140d48e576436a220a0acf"
"2014-05-08","ed67aca4504afac0ab4a11ab1bff391d429438fb"
"2014-05-14","c7b7701a1515893863353182c1c0cb6ffb471d57"
"2014-05-16","cb22c3901533801e0fdb1e7345d0964d3d9aae26"
"2014-05-22","1ce366a9e6dcfea27c1094071947f701223cb43a"
"2014-05-23","e94af45e29ccfa8a73a9680cf2cf863b975d7727"
"2014-05-27","43b7ea14e5aca1d710deccb95b79484b03e99bb9"
"2014-05-29","11b000ab845d13381efc6af447362e0c0a68d12e"
"2014-05-30","c2894dfa2d7fbfaed83e5190b34cac87a44b2362"
"2014-06-02","c4e50903407a2fdbe667eac56e0278c7d2b700d3"
"2014-06-03","8c14c91b5368ae7a86e6b3b0a692a8a1dcf7d159"
"2014-06-05","d77d4c40f7a03b5fe9abca9f297ef49e43f13481"
"2014-06-06","5316949e0d7c7c77af3485093ccedc2efabc87d9"
"2014-06-07","4909fa80a4f7a7d9568309cd27dbfcf479ed2921"
"2014-06-23","e87ad3e25925bea4f484d853052fa8f63ce6fa26"
"2014-07-02","92e3b2627275b0c46bef7780d57552672a0aafc0"
"2014-07-08","816e551ebcf76d4b31eca6b6439de02b2f9ccf32"
"2014-07-25","423ebf32c9796ada5350efab86508b8c0ea62d0e"
"2014-07-29","53e3a061cc23dd0f152766c950936fa42796b75c"
"2014-08-02","f986cde7323b8a0656f98de4bc88d14f7d126779"
"2014-08-06","b1e433081ffdaa614da574f58c340bca2e178289"
"2014-09-11","3ce5556c31e627cc5e47fddf0a639f9e1fa32a3b"
"2014-09-15","6f877272e81f83c680743898cac67a8a5c9404fb"
"2014-09-16","f50fee7284dc8aa3f9d73c2326d424182a186883"
"2014-09-27","7faab3062fdf0de67da119499e5ffeb43f40945d"
"2014-10-03","05c6ee15834078e18da2bba80136d9cb446c2d60"
"2014-10-04","39ccbb61d462fc785e132eede231071a03ccda49"
"2014-10-05","5176dcbbaadd44191201e668574def808fd719f0"
"2014-10-06","97febf279b775925f2f14f8bda8a0a93f7a5886f"
"2014-10-08","fa3965fc27dbfaf0fcaf95ee30e991cc4825a493"
"2014-10-09","468e0efe878ff66f156114cf2fcbb5fc7d79a513"
"2014-10-10","5996a605d800ef4690202dccb0a010b613289b8f"
"2014-10-14","fe022d0e9388cb45a3eba6357b23daf9708ef142"
"2014-10-15","1860dd5da603f3c775087f8ef3ea89da7cb90514"
"2014-10-16","a9a1f4db2a37be19e3fcaf18afd382cd02dfff40"
"2014-10-23","96b93b57a45768b56641680e72964b55fd05e01c"
"2014-11-09","5206c9f6d5895be08a712d156c9ea35e596eb5e0"
"2014-11-10","4b46e0cb4a214da519b5064f358779b256c329eb"
"2014-11-11","71bcf9fa086a75c8d79e53f88a8d2c8a04d7c3ed"
"2014-11-12","68f11afe033b3c7260af6fc7ced9e301e6619279"
"2014-11-18","bd7d9ba8bdab19be065aeddef16695b651d33c33"
"2014-11-19","478e1ddfc774ae990a5efd3143c9e7e95994942c"
"2014-11-21","0f59dc7607135b40ad8f801ccdd0fb1d43bba183"
"2014-11-23","3c3dd510a0a80bc0fc3164c5b4670b6d76da02a0"
"2014-11-24","50e0f6b809ace08bcfda66eb04f50c748ff5e78a"
"2014-12-17","2c1c6ec370f88e21ac219d8f343f1f6d904c1c87"
"2014-12-19","3c147a12e67cdbc5b971ce98bffa9ece46b5c592"
"2014-12-20","ed1122ae27c0503e3182e9a7d817097b7febcebb"
"2014-12-30","757278c7ab7f6c8e5a40d16a5707c35e0f61c5ab"
"2014-12-31","3624ccac26d2dead9c3227752e3665262f535136"
"2015-01-04","ec94272b3deaedb6d2dbc9e3a5e8fe14226df1cb"
"2015-01-07","afd00fd43e953f50f975b4604c8ef88e9ee7cdc0"
"2015-01-29","f019f52961fb9aad6a1cb9ff5dc8082050163e94"
"2015-01-30","b01bc2af87ef5265e5b2f609dfc283d7aa931428"
"2015-01-31","afd09e970ee8c2e4cebe3d71c9f5b393e4d1ac11"
"2015-02-01","909c8f818fc3037ab346a244bed2e89b82ba3648"
"2015-02-02","763fe1639e3348480214873323caacd00cbd7fa6"
"2015-03-19","bfeaaa5c67c65fcad643d69ec552d811eafd05ea"
"2015-04-08","4b55a928cbf975356dda18e230371aeb07e32ec3"
"2015-04-15","8247d65426ee3658c18f540e87e2925f9ea4e4cc"
"2015-04-16","f7c759b0f927cf5c6b5ec2cfb944ba8992bf750a"
"2015-04-19","0bf0c3d0359eaf14890bccebc3c6d84412a4ecbe"
"2015-04-20","c05e0cf05601897235f1f09af140e6973fd7d0c7"
"2015-04-26","52be441605e6fc469ec718b2da954ad553491746"
"2015-04-27","3eab762a81abb4a4650aa8423a58e095f1da441a"
"2015-05-11","cce2ece9b2d43c6033deecc0142e2091f63757a1"
"2015-05-17","43058f9bf5c2b574a9e14f1dbd17deaa05d131a5"
"2015-05-18","71d00fb657e8fa5378d1d9b03aa13d2abeba03b0"
"2015-05-19","be823c4d842b92b6cc8c363917ac4066246fd96a"
"2015-05-20","368dfbc96cf8e753aa143fcbfaaa327a7abffc04"
"2015-05-21","87dd2c684b91502607d93878ffb55f1766d0f27a"
"2015-06-01","8236f1c009c618a5b84c363c56be9e8fcea99f54"
"2015-06-02","19ac1e2c4551448184ad66c4a0ec172e2741c2ee"
"2015-06-03","674d0c6bbbdae7b1d73d48f00ce58809726e5fef"
"2015-06-04","d661a0e25c3e1a46ab9fc5790a5a3bad8e025ca4"
"2015-06-05","2b86c093ccfca1dd91394b331840613c2c3c2215"
"2015-06-06","896c03a1394b28638a407335b4835412cc8f42ad"
"2015-06-07","a396569d14842bfb26671ea5e180fb74184d0565"
"2015-06-08","97af295dc8d9a8dfbf2d57de31d198d2381a573e"
"2015-06-09","580d31ae906ac28f608427d4c4d2318a0e8b658a"
"2015-06-10","6b044ce941486a297274f9be6acc241707ae5101"
"2015-06-11","81a1d4986852bf1fc9ed756078e23e0b8d966739"
"2015-06-12","5679f6a570e17a9b6060b0c31e0ef2e565bddc7d"
"2015-06-16","be508313f9dba2462dd9442a6e326385859f3806"
"2015-06-17","ad683db827cfd92b9c25a6d130e88d4e6f5372db"
"2015-06-18","23034249f028253d6b53babaa1d7664b4f2d765f"
"2015-06-19","75077e0a18ab9dcbb836f14afa736ab251a56a8e"
"2015-06-20","2f973d16b0f3438c7975902074c39ec5b3bff581"
"2015-06-21","65866ce6a923f8551a50b1fccf3302263a710cd9"
"2015-06-27","144defa42cb9d5099a0264fcd574e9c0902e7523"
"2015-06-28","b549160942450e235fe0bc4fdd56eff182acc542"
"2015-06-29","fd76d5c2442d8171b682a9c65b1f778c82bb9b76"
"2015-07-05","982240f46857a897fce3d54d26702b008ebdc418"
"2015-07-08","f4a47a4f36d9fa4de3d27a17bb9dd45571090f6c"
"2015-07-09","68f649bfec3fd3c51af9e016edc4fe4ecd8ac460"
"2015-07-14","e4d416db7c3a039adb341419144cfa6d26a7d010"
"2015-07-15","e014ad4699c7eb78af3fa63241b8bd986767623a"
"2015-07-24","b4001c6892003af1968918aca5733fe32c7f543a"
"2015-07-25","ed7f40e63588eaa7c3e80703aa1d73da1a8476e0"
"2015-07-27","7b573a2afc01f9d07d906ebd5d55c1aab3cf3257"
"2015-07-29","27a09992e1a0a13f6102abf0d56c058e34f866e0"
"2015-08-07","9cd5dfa0e0c66704ab035835259fde2721511237"
"2015-08-10","931a54e294d15c41df0f9d9c80ef07fcbd59c152"
"2015-08-16","e99f4d960dc358bfb5978118c3954328d2541c65"
"2015-08-20","957e18ac750239848f42364f32112e5e52eae663"
"2015-08-22","90593dcbf87aff6b64a6b13332dfda8e67ab22da"
"2015-08-23","4a4fbdfe44432d534407083c5f442ff21c58d076"
"2015-08-25","346b3416d744a18e2c011e43f0317d5486d1fbbd"
"2015-08-27","197fb5b9798a5efa2a700f2554bb7f1f46ba38d4"
"2015-08-29","993cb300459c0aad096391da20d109048d59aab5"
"2015-08-30","bc7202ec96bba90971ecc882ba38dd9a34c6f38e"
"2015-08-31","53cad188dedea05862373a2822da2e6ad1a25378"
"2015-09-02","6fab660f44e842a0e32eada5203b1fb0b81e1a82"
"2015-09-03","397c10e4fc211c5fbbb474c5065a80daa05c4922"
"2015-09-04","848f330230e827475baea5bfeadd0f16f8feb476"
"2015-09-11","ea6fa8d1cb4467893a14fa901193edc0fc6eba9d"
"2015-09-19","7b7bc5e7ef31ef535af10173008cf2a805cb040c"
"2015-09-22","1ec419e7e7a0fef9cf6125672b5b5ed9191159a3"
"2015-09-23","f72b0aa9c4edc59c7ed1419414f7c9e3d35eaee8"
"2015-09-24","a704966767ab96f286986a3f9e0e79f6693db1ed"
"2015-09-25","8effb8762ecd59fc288695de9ff7e1dfc9dfbe21"
"2015-09-26","72c794f5217399f280e006cd1bbaaae1eedcda39"
"2015-09-27","eb9fe00d6ee08c0ebd7d2185a8fcde22dc12ebd2"
"2015-09-28","2f07fd4fd8ac69c00e3a50ffffb29a42f239502a"
"2015-09-29","07d1f3de5e0eb11fb537464bd14fdbacfc9e55a7"
"2015-10-01","fc152eb083991e6d76fd64a0d0faa79566f65837"
"2015-10-04","677e1ed0a28e61870206a3118a9b8e25541c69f7"
"2015-10-05","3f3c2be72477fe53347a2cc58bbe83597061226c"
"2015-10-08","408a975f4c35438118f613bbeed912e1b0f71ec3"
"2015-10-09","9f52aeb5ccaee92651fb3fcdce5c495d804aec88"
"2015-10-24","588adc3557c4a701fa21f7e2dc22b064a57b0b5f"
"2015-10-26","9fb8b1fbe0af19a92b63107601e03eeff8accd7d"
"2015-10-28","22663293e92ccbce70de005cec1ac163d4ba7d1c"
"2015-10-31","0aa3ad7d42458c9008c1a0295fdb00d4a0104b44"
"2015-11-01","d26484c7a8fa5e648d9aa476b493c94f9c242bf7"
"2015-11-10","62b2290fea162850942477638bd500b1db670e12"
"2015-11-11","75013dc34c4fe54de3c19336d6f05b92b23e0d42"
"2015-11-12","1887e011a119190759e3eb8aa6af359362765b51"
"2015-11-15","45f4e8334bb32a545997227362fd920fd44dcb72"
"2015-11-16","365b2104eceb9b0007395b849740c381d13a22a1"
"2015-11-17","6e29d07cce87748d0fc78b49c2a2ffba7f0bb94e"
"2015-11-19","8284088f0c6c6f9bba6617a33304b8e2f10bf0fa"
"2015-11-23","5609867af7b37827a0c14ef0c3135024d31c9923"
"2015-11-24","412b4cb340ff5481351468f7aaeb3d43cdeb0c98"
"2015-11-25","fe7dba2d75d2c01ffdf74cb955d3b005a158efa2"
"2015-12-04","2ea316cde780a752cf5175539f5246a44c929dc9"
"2015-12-05","d1782df6a3ba555aa6f762971e42872b98feab9f"
"2015-12-07","68aefb9e9ef49d829e51c63e51d914b160506867"
"2015-12-08","54c011ace378429306f2cac3a24ba9212efbff93"
"2015-12-10","d8371d79e5c35daa1904c3d0f43c18686c9e0f50"
"2015-12-11","b8d6b0089122769cc254f626f78fadeece968e4d"
"2015-12-14","03c03bcb5d9ded0cf46412ee6562c720cf5f0184"
"2015-12-21","2ee300cbf25802250e2faccc1c707c486fd3f6f6"
"2015-12-22","66084afe3591cc8d510a6a39d536332ae8e3b71c"
"2015-12-23","90729eb2ae2f3329281c1f9813ab1de3daa71ad0"
"2015-12-29","0fed94a057fa673536bc1f907b207fec87f57943"
"2016-01-01","e451152375ec3f43d9716ab9da557ffca76a7d7c"
"2016-01-02","02767551fa84eb0999a7f804ef41dfb9670a1784"
"2016-01-04","0d6f46f740529c89e9be6d4c037ce3e25cd0a6b0"
"2016-01-05","be51f1d82264db1cf3ab739e91d366e5930b35fb"
"2016-01-13","bbc64007c33e5e3a78b1b0ce858bc6232443a83b"
"2016-01-16","a0594600652b5f1716298e9c444abc0fb5cfc279"
"2016-01-17","6a84e8bddcab818eafeeec7ec52d260402f358b8"
"2016-01-18","cfcd988d4d5e78f4579430fba1d7f6e5b81d4b83"
"2016-01-19","73ab735fdd36b20f6f762c58abdc8c14a433b96f"
"2016-01-21","721fe9a77ca73feb825848b630aabeb12a69b562"
"2016-01-24","c30a8b43295dee48434d8dceacb764a2c09c7af6"
"2016-01-25","b001ff6f4c24c579699ebee9641a1044d888d13d"
"2016-01-26","e058a106f01958456a23c155720bf7d7d0016f3f"
"2016-01-28","92d4fc7e67458f0fedb768885e5421dea917666b"
"2016-01-29","3c195a0cc0c95b82b59bf3f88f6eabed3eeb3621"
"2016-02-03","291591e634a48ce6539d66164b0da3b8de179c6e"
"2016-02-04","9b955d5697d5e37413473eec743302b78d02d9dd"
"2016-02-06","6c57fde0e9b373a3741f41f3ee50a96d876da1e7"
"2016-02-07","b61a68ae4908016f3d838ed0659c1a698dcb0349"
"2016-02-08","11e708271bd46aaca939051c2eacd68a020682b8"
"2016-02-09","9d6e1af1ea552e368be54b6b355f232b68d4750f"
"2016-02-14","90c6be40cff0586ee9209f37a56f8bd92731c5d5"
"2016-02-15","2780ca43254af630c6cbfdc35dff599e2f119e9f"
"2016-02-17","691d99addf9a112f85c8fcc3f38b0ba29f3e6569"
"2016-02-18","fb94144db40f8d403ba57799b61e9547cb349b34"
"2016-02-19","fb12e541ab23f351bc80ae32ac19ca9dc8f2e165"
"2016-02-20","026a35e78a390e8941ee8b24149877ae51940c19"
"2016-02-21","be0b6fd07fa45c5c09c8ec39dcf7250198e61691"
"2016-02-24","120b55c18857e4e7390d1f6f74411e4d3b2f70b2"
"2016-02-26","9d0d1fd55e35d6ab9fcd8d31ba8d02fefa47c0c7"
"2016-02-29","d41d49c5d1e7f09d8062b2521c70b858f6037edf"
"2016-03-01","3620ef5ee5e2489e471234bd57235f753aa11965"
"2016-03-02","90ffc800bf59486fe0b4602c6704256166049b27"
"2016-03-03","36de10d7a2be6389516286e2f22bd5e1acaac087"
"2016-03-06","403573ab56ccf8b364d666b01129391cdccaa011"
"2016-03-07","0104728017a5c1e2ac8d5fa474e70436f186dcdc"
"2016-03-08","57529fe0a68df64e1576bc87b385347c43455598"
"2016-03-09","1373b5830c220f83500bafebfc038f1091124a1b"
"2016-03-10","4e1b171943b8bdef8bfc78e0bae17ddcd53052be"
"2016-03-11","cf2cdc4d3689229916a3a90a946a878a8608dcd9"
"2016-03-14","78897005be619c3b63d238bf5d0de0f1580d95d4"
"2016-03-15","6b2bb3ad958e003488b8308df7927555a2b1008b"
"2016-03-29","fb7c2a32dc7deebc4a900ee7822057bccd74d39f"
"2016-03-30","011a89ee00e16d6e775b29fa4710718cc864baf8"
"2016-04-02","b50cf58ecb62438abfa19be0f406b8e59d0d0476"
"2016-04-03","d03c87f6066c005c3336ebd8cbc85ec983dfc6d2"
"2016-04-05","39e5666de30c43de1588c8e2e16eb7c72e1187c3"
"2016-04-06","9de61e0672ab0468d42bceb536db55007821769d"
"2016-04-08","2839881866f01910f7631d9ed14714a9fc7d736c"
"2016-04-12","29178bf378bc73acc2df78104303f504949fd56b"
"2016-04-14","d04f3a50e41ca01d22f370ac4f332f6ddf4ba9fe"
"2016-04-20","adfe99884bfc01dd3a1164a768fef96d6550208b"
"2016-04-21","da766e8be9f8f61d5ddcf2fd0640c9bb8ff6f127"
"2016-04-30","db2fcf31b3e9e1a52d8b0081c711324fcfb62683"
"2016-05-05","56676ab1e2701d6b25d821691c7111b46524d4ce"
"2016-05-16","fa07196e9202b1515b4748a1d8e94571d6f80d61"
"2016-05-17","28d350d99430c87b4ada7d1aa9e08c96884cb388"
"2016-05-25","f85217112348b8c755b9a237cec3d1c7e7dd96af"
"2016-05-26","1da3a185a0ada1362c3f2ebf461fc44093e575d1"
"2016-06-02","2e4998e0ea144b6f8cb5d7cac27572a77e932dce"
"2016-06-06","e6c716950c9d3f954a5614772499ee7845f92c03"
"2016-06-15","49a87b383473c4492d99a71897460078ffd350e9"
"2016-06-21","2b59c4b6fe289e1d293fea533c5a4de2fcce85f6"
"2016-06-22","5febe68b3c812a25f60d16e8faa74e39e87528a7"
"2016-06-26","9f00bd309afb7898b68362466d56bf9783d02cfe"
"2016-07-08","b7c38962b5b3b665fcb0ee16e13ac5756d5f8526"
"2016-07-09","1ac625db0e593dd9d742eae2b68ef91747c45e33"
"2016-07-18","2704f63ab69d9cb5073aeb274a860317d2b23946"
"2016-07-20","fccedbeb4d5181c926fff450cdf5c5116ef0eeaa"
"2016-08-02","c0bef604924007b5bcebf221ea626e4b7807c18b"
"2016-08-03","e52a4d74106c03891c286d388bcfdb06af656837"
"2016-08-09","ec0635c603f85fe8217691f94769419db4f3c1c0"
"2016-08-16","999c72be0468664c711159cd53deff79e62ee4a1"
"2016-08-17","54ccadd0a5428475c3aa89b4478429abb6ea3c67"
"2016-08-19","504dd092bc0c77e4e280c840bef4c9fd7f2efd0b"
"2016-08-20","e02fb37616277cf19eed0d2fabc6e9aae61c0f01"
"2016-08-21","34eb99f46c9f8312563bbcf07345b4ed5354f6ca"
"2016-09-01","a2765946d54572f133606a932eddb53b015606e0"
"2016-09-17","0c1f84aaec65ea500f25e2c659687d80874864a2"
"2016-09-20","78b049143b5129b6d802b14c69f900b4089da33c"
"2016-10-12","e5a165ee296ff9a10efdcca48edf22ce35319b83"
"2016-10-13","d0571339b826a9fcbb7b310718073ce24c83f1fc"
"2016-10-15","32ace0894882a98f56cd509fee1bcc7dff804347"
"2016-11-11","2074732da81f1079cccf8a6bf7cc2e37d2666bc8"
"2016-11-12","b5507b8c7a30af731d43f80578473349ef0468bd"
"2016-11-19","93e2d1e0460b9f19b03036baaa6f554dcb6441dc"
"2016-11-22","777b520523ceb85e8d2aba1b4964352d1ed1c35c"
"2016-12-02","58022a4fc5c1b22637c0a9d42a3925143170431f"
"2016-12-05","ed822803ead795c9b6e3e0df596588772bed9ad2"
"2016-12-06","441103a80238106097ba8eb4cf46f7dbc51822ee"
"2016-12-07","766a9eabeebafe234ebb669c17da73141a89d55b"
"2016-12-09","62a4a8308015f5efb51e20089fb8280d4454ed74"
"2016-12-24","10fce83aab31fc7c738178cfd2833363e3c8e6fd"
"2016-12-26","99c0b85d6cf4e8b80952fa7fc281f546e2de284c"
"2017-01-05","47cc621c7736cace218be341f9b480add64c9083"
"2017-01-17","5d54332e77c9d868d8cda38c3812da7026af2b0c"
"2017-01-20","dec2f1a675a77c12bd28f8f9a25a45a9cc31888d"
"2017-01-29","77a65b7b1d852ef1fa2d19cab78ea831069b6fd0"
"2017-01-30","b115292dba5f328fbc99e024c76d50866e94f3bf"
"2017-01-31","8dfc7b8ff00ab64126ac86f205bf74b686e8c6ed"
"2017-02-04","9f2ea471e572f6596c482d23edcfeee0d861b959"
"2017-02-10","78e0cd85451bef91d4803964e26bc406649e1e7e"
"2017-02-13","c516a34e107818c394f75997fe4a8cf10f299852"
"2017-02-14","9323a0c9d7485d30cf1e6d7b64a6bb5f71819038"
"2017-02-19","aa7db2e7e89202d77222e8f449fa0e243d6cac82"
"2017-02-21","fef22de3f5226ea99627cce7bde8c532d057ce65"
"2017-02-24","39fcdb46e07f2f14319a4031d86bf8f3dbd1d405"
"2017-03-06","db680757d19b9c3b608f70fa475a1c0953b048e3"
